Sophia;OFFICE;OFFICE;MOMS;MOMS_MASTER;OFFICE;OFFICE,CAFE;MOMS;MOMS_MASTER;OFFICE;OFFICE;MOMS;MOMS_MASTER;OFFICE;MOMS_MASTER;MOMS;MOMS_MASTER;OFFICE;OFFICE;MOMS;MOMS_MASTER;MOMS;MOMS;MOMS_SUNDECK;MOMS_MASTER;MOMS;MOMS;MOMS_SUNDECK;MOMS_MASTER
Aster;DORMS_ASTER;CAFE;UNI_MAIN;DORMS_ASTER;CAFE;UNI_MAIN;DORMS_ASTER;DORMS_ASTER;UNI_MAIN;DORMS_ASTER;DORMS_ASTER;DORMS_ASTER;DORMS_ASTER;DORMS_ASTER;UNI_MAIN;DORMS_ASTER;DORMS_ASTER;CAFE;CAFE;DORMS_ASTER;CAFE;CAFE;DORMS_ASTER;DORMS_ASTER;DORMS_ASTER;NA_GROCERIES;DORMS_ASTER;DORMS_ASTER
Laura;NA_HOME;NA_HOME;NA_HOME;NA_HOME;NA_HOME;MOMS_POOL;NA_HOME;NA_HOME;NA_HOME;NA_HOME;NA_HOME;NA_HOME;NA_HOME;MOMS_POOL;NA_HOME;NA_HOME;NA_HOME;MOMS_POOL;NA_HOME;NA_HOME;NA_HOME;NA_HOME;NA_HOME;NA_HOME;NA_HOME;NA_HOME;NA_HOME;NA_HOME
Natalie;NA_HOME;NA_OUT;STUDIO;NA_HOME;NA_HOME;STUDIO;STUDIO;NA_HOME;NA_HOME;STUDIO;STUDIO;NA_HOME;NA_HOME;NA_OUT;STUDIO;NA_HOME;NA_HOME;STUDIO;STUDIO;NA_HOME;NA_HOME;NA_OUT;NA_OUT;NA_OUT;NA_HOME;NA_HOME;NA_HOME;NA_HOME
Christopher;MOMS_MASTER;MOMS_DAD;MOMS_DAD;MOMS_DAD;MOMS_MASTER;MOMS_DAD;MOMS_DAD;MOMS_DAD;MOMS_MASTER;MOMS_DAD;MOMS_DAD;MOMS_DAD;MOMS_MASTER;MOMS_DAD;MOMS_DAD;MOMS_DAD;MOMS_MASTER;MOMS_DAD;MOMS_DAD;MOMS_DAD;MOMS_MASTER;MOMS_DAD;MOMS_DAD;MOMS_DAD;MOMS_MASTER;MOMS_DAD;MOMS_DAD;MOMS_DAD
Theodore;NA_HOME;NA_HOME;ESCAPEROOM;NA_HOME;NA_HOME;NA_GROCERIES;ESCAPEROOM;NA_HOME;NA_HOME;NA_GARDEN;NA_HOME;NA_HOME;NA_HOME;NA_GARDEN;NA_HOME;NA_HOME;NA_HOME;NA_GROCERIES;ESCAPEROOM;NA_HOME;NA_HOME;NA_GARDEN;ESCAPEROOM;NA_HOME;NA_HOME;NA_GARDEN;ESCAPEROOM;NA_HOME
Jessica;NA_HOME;NA_HOME;NA_HOME;NA_HOME;NA_HOME;NA_HOME;DELPHI;DELPHI;NA_HOME;NA_HOME;DELPHI;DELPHI;NA_HOME;NA_HOME;DELPHI;DELPHI;NA_HOME;NA_HOME;DELPHI;DELPHI;NA_HOME;NA_HOME;DELPHI;DELPHI;NA_HOME;NA_HOME;NA_HOME;NA_HOME
Emily;GYM_RECEPTION;GYM_RECEPTION;EMPTY;EMPTY;GYM_RECEPTION;GYM_RECEPTION;GYM_ACTUAL,GYM_LOCKERROOM,GYM_SHOWERS;EMPTY;GYM_RECEPTION;GYM_RECEPTION;EMPTY;EMPTY;GYM_RECEPTION;GYM_RECEPTION;GYM_ACTUAL,GYM_LOCKERROOM,GYM_SHOWERS;EMPTY;GYM_RECEPTION;GYM_RECEPTION;EMPTY;EMPTY;EMPTY;GYM_ACTUAL,GYM_LOCKERROOM,GYM_SHOWERS;EMPTY;EMPTY;EMPTY;EMPTY;GYM_SHOWERS,GYM_SAUNA;EMPTY
Sarah;NA_HOME;NA_OUT;ESCAPEROOM;EMPTY;NA_HOME;NA_OUT;ESCAPEROOM;EMPTY;NA_HOME;NA_OUT;ESCAPEROOM;EMPTY;NA_HOME;NA_OUT;ESCAPEROOM;NA_OUT;NA_HOME;NA_OUT;ESCAPEROOM;NA_OUT;NA_HOME;NA_HOME;NA_OUT;NA_OUT;NA_HOME;NA_HOME;NA_OUT;NA_HOME
Harper;GYM_OFFICE;GYM_OFFICE;EMPTY;EMPTY;GYM_OFFICE;GYM_OFFICE;GYM_YOGA,GYM_SHOWERS;EMPTY;GYM_OFFICE;GYM_OFFICE;EMPTY;EMPTY;GYM_OFFICE;GYM_YOGA;GYM_YOGA,GYM_SHOWERS;EMPTY;GYM_OFFICE;GYM_OFFICE;EMPTY;EMPTY;EMPTY;EMPTY;EMPTY;EMPTY;EMPTY;GYM_YOGA;GYM_SHOWERS;EMPTY
Olivia;GYM_LOCKERROOM;GYM_SHOWERS;NA_HOME;NA_HOME;NA_OUT;NA_WORK;NA_WORK;NA_HOME;GYM_LOCKERROOM;GYM_SAUNA;NA_WORK;NA_HOME;NA_HOME;GYM_LOCKERROOM;NA_WORK;NA_HOME;GYM_LOCKERROOM;GYM_SAUNA;NA_WORK;NA_HOME;NA_WORK;NA_WORK;NA_WORK;NA_HOME;NA_HOME;NA_WORK;NA_WORK;NA_HOME
Victoria;NA_HOME;UNI_VICTORIA;NA_HOME;NA_HOME;UNI_VICTORIA;UNI_VICTORIA;UNI_VICTORIA;NA_HOME;NA_HOME;UNI_VICTORIA;UNI_VICTORIA;NA_HOME;UNI_VICTORIA;UNI_VICTORIA;NA_OUT;NA_HOME;NA_OUT;UNI_VICTORIA;NA_HOME;NA_HOME;NA_HOME;NA_OUT;NA_HOME;NA_HOME;NA_HOME;NA_HOME;NA_HOME;NA_HOME
Bianca;EMPTY;EMPTY;EMPTY;EMPTY;EMPTY;EMPTY;EMPTY;EMPTY;EMPTY;EMPTY;EMPTY;EMPTY;EMPTY;EMPTY;EMPTY;EMPTY;EMPTY;EMPTY;EMPTY;EMPTY;EMPTY;EMPTY;EMPTY;EMPTY;EMPTY;EMPTY;EMPTY;EMPTY
Isabella;MOMS;MOMS;EMPTY;EMPTY;MOMS;MOMS;EMPTY;EMPTY;MOMS;MOMS;EMPTY;EMPTY;MOMS;EMPTY;EMPTY;EMPTY;MOMS;MOMS;EMPTY;EMPTY;NA_HOME;NA_HOME;EMPTY;EMPTY;NA_HOME;NA_HOME;EMPTY;EMPTY
Patricia;EMPTY;EMPTY;EMPTY;EMPTY;EMPTY;EMPTY;EMPTY;EMPTY;EMPTY;EMPTY;EMPTY;EMPTY;EMPTY;EMPTY;EMPTY;EMPTY;EMPTY;EMPTY;EMPTY;EMPTY;EMPTY;EMPTY;EMPTY;EMPTY;EMPTY;EMPTY;EMPTY;EMPTY
Eileen;EMPTY;EMPTY;EMPTY;EMPTY;EMPTY;EMPTY;EMPTY;EMPTY;EMPTY;EMPTY;EMPTY;EMPTY;EMPTY;EMPTY;EMPTY;EMPTY;EMPTY;EMPTY;EMPTY;EMPTY;EMPTY;EMPTY;EMPTY;EMPTY;EMPTY;EMPTY;EMPTY;EMPTY
Gwendolyn;EMPTY;EMPTY;EMPTY;EMPTY;EMPTY;EMPTY;EMPTY;EMPTY;EMPTY;EMPTY;EMPTY;EMPTY;EMPTY;EMPTY;EMPTY;EMPTY;EMPTY;EMPTY;EMPTY;EMPTY;EMPTY;EMPTY;EMPTY;EMPTY;EMPTY;EMPTY;EMPTY;EMPTY
